text,label
I'm worried about my exams,worried
I'm scared I will fail my test tomorrow,worried
What if I don't pass this module,worried
I keep thinking something bad will happen,worried
I'm nervous about my presentation,worried
I can't stop worrying about my grades,worried
I feel anxious about the results,worried
I'm afraid I won't get a job after uni,worried
My heart races when I think about the exam,worried
I'm nervous about meeting new people,worried
I'm scared of disappointing my parents,worried
I feel uneasy about next week,worried
I'm anxious and can't sleep before my exam,worried
I'm frightened of speaking in class,worried
I dread opening my email with the marks,worried
I'm worried my thesis isn't good enough,worried
I'm afraid my supervisor will be angry with my work,worried
I have a bad feeling about the interview,worried
I feel so sad today,sad
I feel down and I don't know why,sad
I failed my exam and I feel terrible,sad
I miss my family a lot,sad
Nothing makes me happy anymore,sad
I cried after the lecture,sad
I feel empty,sad
My grandmother passed away last week,sad
I'm disappointed in myself,sad
I feel hopeless about my marks,sad
Everything feels grey and heavy,sad
I broke up with my partner and I'm heartbroken,sad
I don't feel like doing anything,sad
I'm really upset about my results,sad
Today was a bad day and I feel low,sad
I feel like crying all the time,sad
I lost motivation and feel miserable,sad
I'm unhappy with how the semester is going,sad
I'm so angry at my group members,angry
My flatmate is so annoying,angry
It's unfair that the professor marked me down,angry
I'm furious they cancelled the exam without telling us,angry
I'm frustrated nobody listens to me,angry
I hate how my teammates never do their part,angry
I'm irritated by all the noise in the library,angry
I'm mad at myself for missing the deadline,angry
This is so unfair and I'm fed up,angry
My friend lied to me and I'm really angry,angry
I'm annoyed that the wifi keeps breaking,angry
I feel rage when people talk over me,angry
The admin office ignored my emails again and I'm livid,angry
I'm fed up with the rules in the dorm,angry
I'm angry that I got a low grade for no reason,angry
People keep interrupting me and it makes me mad,angry
I have too much to do and not enough time,stressed
I'm overwhelmed with assignments,stressed
I have three deadlines this week,stressed
I'm under so much pressure,stressed
I can't keep up with everything,stressed
There's too much on my plate,stressed
I'm working and studying and I'm exhausted,stressed
I'm burnt out,stressed
My to-do list never ends,stressed
I feel stretched too thin,stressed
Work and uni are too much at the same time,stressed
I don't know where to start with all this work,stressed
I'm so stressed about all my coursework,stressed
I have no time to rest,stressed
I'm drowning in readings and essays,stressed
Everything is due at once,stressed
I'm tired from studying all night,stressed
I feel lonely,lonely
I don't have any friends at uni,lonely
Nobody talks to me in class,lonely
I eat lunch alone every day,lonely
I feel isolated in my room,lonely
I moved to a new city and don't know anyone,lonely
I feel like no one understands me,lonely
Everyone has friends except me,lonely
I spend weekends alone,lonely
I feel left out of my group,lonely
I have nobody to talk to,lonely
I feel disconnected from other students,lonely
My friends are all back home and I'm alone here,lonely
I wasn't invited again,lonely
I feel invisible,lonely
I miss having someone to hang out with,lonely
I passed my exam and I'm so happy,happy
Today was a great day,happy
I got a good grade,happy
I'm excited for the weekend,happy
I had fun with my friends,happy
I'm proud of myself,happy
I finally finished my essay and feel great,happy
I got the internship,happy
Things are going really well,happy
I feel grateful for my friends,happy
I laughed so much today,happy
I'm excited about my new course,happy
My presentation went really well,happy
I'm in a good mood,happy
I feel amazing after the gym,happy
My supervisor liked my work,happy
I feel calm today,calm
I feel okay,calm
Nothing special just a normal day,calm
I'm relaxed after my walk,calm
I feel peaceful,calm
I'm fine thanks,calm
It was a quiet and chill day,calm
I feel balanced and settled,calm
I had a relaxing evening,calm
I'm content with how things are,calm
Everything is okay right now,calm
I slept well and feel rested,calm
I'm feeling steady,calm
I meditated and feel at ease,calm
Just a regular study day,calm
I'm doing alright,calm
I have so many deadlines I don't know what to do first,stressed
I'm overwhelmed by my workload,stressed
I have no time for anything except studying,stressed
My schedule is completely packed,stressed
I'm under pressure from my parents to get top grades,stressed
I feel burnt out from this semester,stressed
I have exams and a job and it's too much,stressed
I'm behind on all my assignments,stressed
There aren't enough hours in the day,stressed
Revision is taking over my life,stressed
I've been working non stop for weeks,stressed
My deadlines keep piling up,stressed
I feel stressed out all the time,stressed
Group project plus exams is too much,stressed
I can't relax because there is always more to do,stressed
My dissertation is stressing me out,stressed
I have back to back deadlines,stressed
I'm swamped with coursework,stressed
I'm exhausted from juggling everything,stressed
I feel like I'm drowning in work,stressed
The workload this term is insane,stressed
I have so many readings to catch up on,stressed
I'm stressed about fitting everything in,stressed
Placement and assignments at the same time is overwhelming,stressed
I barely sleep because of all my work,stressed
I feel so alone at university,lonely
I don't have anyone to go to lunch with,lonely
I've been by myself all week,lonely
I haven't made any friends since moving here,lonely
I feel lonely in my flat,lonely
I wish I had people to hang out with,lonely
I'm always on my own at weekends,lonely
Nobody messages me,lonely
I feel like an outsider in my course,lonely
My classmates already have their own groups,lonely
I miss having close friends,lonely
I feel isolated since I started online classes,lonely
I don't feel like I belong here,lonely
It's hard to meet people at uni,lonely
I feel ignored by everyone,lonely
I'm an international student and I don't know anyone,lonely
I go days without talking to anyone,lonely
I sit by myself in lectures,lonely
I don't have anyone to share things with,lonely
I feel lonely even when I'm around people,lonely
I feel forgotten by my friends,lonely
Nobody asks me to join them,lonely
I'm lonely since my friends graduated,lonely
I have no one to spend the holidays with,lonely
Everyone seems to have a group except me,lonely
